#,Date,Topic,Category,Place / landmark,District,Nearest city / town,State / UT,Country,Status,Language,Duration,Final video link(s),Folder
1,2026-09-29,Tanot Mata Mandir,Mysterious temple,"Tanot Mata Temple, near India–Pakistan border",Jaisalmer,Jaisalmer,Rajasthan,India,Short published-ready,Hindi,28.6 s,https://d2ol7oe51mr4n9.cloudfront.net/user_3JzJNaJGbHkwuqjj3dJkjvMymWi/1d730285-7011-44eb-8f90-e1d4b4d3d2f4.mp4,tanot-mata/
2,2026-09-29,Stambheshwar Mahadev (temple that disappears in the sea),Mysterious temple,"Kavi Kamboi, Jambusar taluka",Bharuch,Jambusar / Vadodara,Gujarat,India,Short published-ready,Hindi,40.7 s,https://d2ol7oe51mr4n9.cloudfront.net/user_3JzJNaJGbHkwuqjj3dJkjvMymWi/8524656b-4b90-4340-98ed-3d1ae1ff4ee6.mp4,stambheshwar/
3,2026-09-29,Lepakshi hanging pillar (Veerabhadra Temple),Mysterious temple,Lepakshi,Sri Sathya Sai (formerly Anantapur),Hindupur,Andhra Pradesh,India,Short published-ready,Hindi,40.0 s,https://d2ol7oe51mr4n9.cloudfront.net/user_3JzJNaJGbHkwuqjj3dJkjvMymWi/8ed40546-651b-47dd-b063-68e0470ce270.mp4,lepakshi/
4,2026-09-29,World Unscripted channel intro (saree host),Channel branding,—,—,—,—,—,Short published-ready,Hindi,12.5 s,https://d2ol7oe51mr4n9.cloudfront.net/user_3JzJNaJGbHkwuqjj3dJkjvMymWi/6c79df83-96fa-4485-8eaf-5380e91ddb3f.mp4,channel/
5,2026-09-29,Roopkund Skeleton Lake,Mysterious place,"Roopkund Lake (Trishul massif, ~5,000 m)",Chamoli,Lohajung / Wan,Uttarakhand,India,Short published-ready,Hindi,52.8 s,https://d2ol7oe51mr4n9.cloudfront.net/user_3JzJNaJGbHkwuqjj3dJkjvMymWi/db19ca4c-a70e-440c-aa9a-df29c876fcb9.mp4,roopkund/
6,2026-09-30,Konark Sun Temple,Mysterious temple,Konark,Puri,Puri / Bhubaneswar,Odisha,India,Script only (not produced),Hindi,~40 s (planned),—,konark/
7,2026-10-01,flydubai FZ1073 heroes (Capt. Smit Machchhar),News,"Dubai → Tel Aviv flight, emergency landing at Tabuk",Tabuk (landing),Tabuk,Tabuk Province,Saudi Arabia (flight UAE → Israel),Short published-ready,Hindi,41.4 s,https://d2ol7oe51mr4n9.cloudfront.net/user_3JzJNaJGbHkwuqjj3dJkjvMymWi/ab48abd4-9729-4cc6-a24e-3470eec82242.mp4,flydubai-fz1073/
8,2026-10-02,Barren Island – India's only active volcano,Mysterious place / science,"Barren Island, Andaman Sea (uninhabited)",Andaman Islands (uninhabited),Port Blair (nearest port),Andaman & Nicobar Islands (UT),India,Shorts published-ready (2 versions),English voice; Hindi voice + English captions,40.2 s / 43.4 s,https://d2ol7oe51mr4n9.cloudfront.net/user_3JzJNaJGbHkwuqjj3dJkjvMymWi/90e756ed-331f-467f-b0bc-7591f837c46b.mp4 | https://d2ol7oe51mr4n9.cloudfront.net/user_3JzJNaJGbHkwuqjj3dJkjvMymWi/59c685a2-2e3d-4575-9a8c-055fc8d33eab.mp4,barren-island/
9,2026-10-03,Lonar Lake – meteorite crater that turned pink,Mysterious place / science,Lonar Crater Lake,Buldhana,Lonar / Chhatrapati Sambhajinagar,Maharashtra,India,Shorts published-ready (2 versions) + subtitles,English voice; Hindi voice + English captions,24.1 s / 24.4 s,https://d2ol7oe51mr4n9.cloudfront.net/user_3JzJNaJGbHkwuqjj3dJkjvMymWi/65749b13-5cc2-48c1-9e37-d79491d09ed4.mp4 | https://d2ol7oe51mr4n9.cloudfront.net/user_3JzJNaJGbHkwuqjj3dJkjvMymWi/b91567ca-a6da-4b2a-9ec0-0ac1dc7fd6cb.mp4,lonar/
10,2026-10-03,Jatinga – where birds fall from the sky,Mysterious place / nature,Jatinga village,Dima Hasao,Haflong,Assam,India,Short published-ready + Hindi subtitles + thumbnail; 25 s cut pending,Hindi voice + English captions,42.2 s,https://d2ol7oe51mr4n9.cloudfront.net/user_3JzJNaJGbHkwuqjj3dJkjvMymWi/aa9e3dfc-86f6-443a-ac8d-3cd38925fd33.mp4,jatinga/
11,2026-09-29,Lavasa (reference video analysis),Research,Lavasa planned city,Pune,Pune,Maharashtra,India,Analysis only,—,—,—,lavasa-style-analysis/
12,2026-09-29,12 mysterious temples (LightJyoti-style script),Research / script,Multiple locations,—,—,Multiple,India,Script only,Hindi,Long-form (planned),—,lightjyoti-style/
13,2026-10-05,Voynich Manuscript – the book nobody can read,Unsolved mystery / history,"Beinecke Rare Book & Manuscript Library, Yale University (MS 408)",New Haven County,New Haven,Connecticut,USA,Short published-ready + Hindi subtitles + thumbnails,Hindi voice + English captions,24.0 s,https://d2ol7oe51mr4n9.cloudfront.net/user_3JzJNaJGbHkwuqjj3dJkjvMymWi/aa3340e2-87be-4047-bdaf-f5bef319e7ba.mp4,voynich/
14,2026-10-05,"Antikythera Mechanism – the 2,000-year-old computer",Ancient technology / mystery,Found in shipwreck off Antikythera island; now at National Archaeological Museum,Islands regional unit (Attica region),Athens (museum) / Antikythera island,Attica,Greece,Short published-ready + Hindi subtitles + thumbnails,Hindi voice + English captions,21.7 s,https://d2ol7oe51mr4n9.cloudfront.net/user_3JzJNaJGbHkwuqjj3dJkjvMymWi/dff8acd3-7e86-4691-be16-5cc480a03263.mp4,antikythera/
15,2026-10-06,Derinkuyu Underground City – city found behind a house wall,Ancient place / mystery,"Derinkuyu Underground City, Cappadocia",Derinkuyu district,Nevşehir,Nevşehir Province (Cappadocia),Turkey,Script only,Hindi (+ English version),~20–21 s (planned),—,derinkuyu/
